CURRENCY,PERFORMANCE
EURUSD,8.23499999999999
AUDUSD,-9.91800000000001
USDCAD,1.637
USDCHF,-62.558
USDJPY,7.223